minute,output
0,0.0
1,3.452649825707319e-09
2,0.0
3,0.0
4,0.0
5,0.0
6,0.0
7,0.0
8,0.0
9,0.0
10,0.0
11,0.0
12,0.0
13,0.0
14,0.0
15,0.0
16,0.0
17,0.0
18,0.0
19,0.0
20,0.0
21,0.0
22,0.0
23,0.0
24,0.0
25,0.0
26,0.0
27,0.0
28,0.0
29,0.0
30,0.0
31,0.0
32,0.0
33,0.0
34,0.0
35,0.0
36,0.0
37,0.0
38,0.0
39,0.0
40,0.0
41,0.0
42,0.0
43,0.0
44,0.0
45,0.0
46,0.0
47,0.0
48,0.0
49,0.0
50,0.0
51,0.0
52,0.0
53,0.0
54,0.0
55,0.0
56,0.0
57,0.0
58,0.0
59,0.0
60,0.0
61,2.991721073974948e-06
62,6.1637406922381185e-06
63,9.501487502135175e-06
64,1.2990390151011903e-05
65,1.6615877286214047e-05
66,2.0363377555087412e-05
67,2.4218319604977636e-05
68,2.8166132083230506e-05
69,3.219224363719179e-05
70,3.628208291420727e-05
71,4.042107856162259e-05
72,4.459465922678355e-05
73,4.878825355703589e-05
74,5.298729019972543e-05
75,5.717719780219778e-05
76,6.134340501179876e-05
77,6.547134047587415e-05
78,6.954643284176962e-05
79,7.355411075683093e-05
80,7.747980286840386e-05
81,8.130893782383418e-05
82,8.502694427046756e-05
83,8.861925085564978e-05
84,9.207128622672659e-05
85,9.536847903104378e-05
86,9.849625791594698e-05
87,0.00010144005152878206
88,0.00010418528851689468
89,0.00010671739752763066
90,0.00010902180720833568
91,0.00011108394620635549
92,0.00011288924316903589
93,0.00011442312674372254
94,0.00011567102557776127
95,0.00011661836831849781
96,0.00011725058361327788
97,0.00011755310010944721
98,0.00011751134645435158
99,0.00011711075129533676
100,0.00011633674327974841
101,0.00011517475105493236
102,0.00011361020326823438
103,0.00011162852856700002
104,0.00010921515559857522
105,0.00010635551301030571
106,0.0001030350294495372
107,9.92391335636154e-05
108,9.495325399988612e-05
109,9.016281940569501e-05
110,8.485325842838798e-05
111,7.900999971531064e-05
112,7.261847191380864e-05
113,6.566410367122807e-05
114,5.813232363491435e-05
115,5.000856045221327e-05
116,4.1278242770470726e-05
117,3.19267992370324e-05
118,2.1939658499244073e-05
119,1.1302249204451272e-05
120,0.0
121,0.0
122,0.0
123,0.0
124,0.0
125,0.0
126,0.0
127,0.0
128,0.0
129,0.0
130,0.0
131,0.0
132,0.0
133,0.0
134,0.0
135,0.0
136,0.0
137,0.0
138,0.0
139,0.0
140,0.0
141,0.0
142,0.0
143,0.0
144,0.0
145,0.0
146,0.0
147,0.0
148,0.0
149,0.0
150,0.0
151,0.0
152,0.0
153,0.0
154,0.0
155,0.0
156,0.0
157,0.0
158,0.0
159,0.0
160,0.0
161,0.0
162,0.0
163,0.0
164,0.0
165,0.0
166,0.0
167,0.0
168,0.0
169,0.0
170,0.0
171,0.0
172,0.0
173,0.0
174,0.0
175,0.0
176,0.0
177,0.0
178,0.0
179,0.0
180,0.0
181,4.4889626708927047e-05
182,9.210312082850905e-05
183,0.00014144157461709215
184,0.00019270608033302393
185,0.0002456977302346477
186,0.0003002176165803111
187,0.00035606683162836013
188,0.00041304646763714095
189,0.0004709576168649998
190,0.0005296013715702828
191,0.000588778824011336
192,0.0006482910664465073
193,0.0007079391911341394
194,0.0007675242903325805
195,0.0008268474563001763
196,0.0008857097812952731
197,0.000943912357576217
198,0.0010012562774013541
199,0.0010575426330290323
200,0.0011125725167175945
201,0.0011661470207253886
202,0.0012180672373107604
203,0.001268134258732056
204,0.0013161491772476221
205,0.0013619130851158046
206,0.0014052270745949491
207,0.0014458922379434035
208,0.001483709667419512
209,0.0015184804552816208
210,0.0015500056937880766
211,0.0015780864751972258
212,0.0016025238917674143
213,0.0016231190357569886
214,0.0016396729994242942
215,0.001651986875027678
216,0.0016598617548254852
217,0.001663098731076062
218,0.0016614988960377557
219,0.0016548633419689114
220,0.001642993161127876
221,0.0016256894457729954
222,0.0016027532881626137
223,0.001573985780555081
224,0.0015391880152087409
225,0.001498161084381939
226,0.0014507060803330232
227,0.0013966240953203393
228,0.0013357162216022316
229,0.0012677835514370481
230,0.0011926271770831345
231,0.0011100481907988374
232,0.001019847684842503
233,0.0009218267514724768
234,0.0008157864829471057
235,0.0007015279715247343
236,0.0005788523094637102
237,0.00044756058902237477
238,0.00030745390245908236
239,0.00015833334203217524
240,0.0
241,0.0
242,0.0
243,0.0
244,0.0
245,0.0
246,0.0
247,0.0
248,0.0
249,0.0
250,0.0
251,0.0
252,0.0
253,0.0
254,0.0
255,0.0
256,0.0
257,0.0
258,0.0
259,0.0
260,0.0
261,0.0
262,0.0
263,0.0
264,0.0
265,0.0
266,0.0
267,0.0
268,0.0
269,0.0
270,0.0
271,0.0
272,0.0
273,0.0
274,0.0
275,0.0
276,0.0
277,0.0
278,0.0
279,0.0
280,0.0
281,0.0
282,0.0
283,0.0
284,0.0
285,0.0
286,0.0
287,0.0
288,0.0
289,0.0
290,0.0
291,0.0
292,0.0
293,0.0
294,0.0
295,0.0
296,0.0
297,0.0
298,0.0
299,0.0
300,0.0
301,0.0006258334232213741
302,0.0012862429138698515
303,0.001980680557137155
304,0.0027085984382150072
305,0.00346944864229513
306,0.004262683254569246
307,0.005087754360229079
308,0.005944114044466395
309,0.006831214392472829
310,0.007748507489440146
311,0.008695445420560069
312,0.009671480271024319
313,0.010676064126024622
314,0.011708649070752697
315,0.01276868719040027
316,0.01385563057015906
317,0.01496893129522079
318,0.016108041450777186
319,0.017272413122019967
320,0.01846149839414085
321,0.019674749352331575
322,0.020911618081783847
323,0.022171556667689465
324,0.023454017195240012
325,0.024758451749627285
326,0.026084312416042997
327,0.027431051279678875
328,0.02879812042572664
329,0.03018497193937802
330,0.03159105790582474
331,0.033015830410258504
332,0.03445874153787105
333,0.0359192433738541
334,0.03739678800339937
335,0.03889082751169859
336,0.040400813983943476
337,0.04192619950532575
338,0.04346643616103723
339,0.04502097603626945
340,0.04658927121621424
341,0.0481707737860633
342,0.04976493583100838
343,0.05137120943624117
344,0.05298904668695342
345,0.05461789966833683
346,0.05625722046558315
347,0.057906461163884065
348,0.05956507384843133
349,0.06123251060441666
350,0.06290822351703178
351,0.06459166467146839
352,0.06628228615291822
353,0.06797954004657311
354,0.06968287843762458
355,0.07139175341126446
356,0.07310561705268442
357,0.07482392144707625
358,0.07654611867963164
359,0.07827166083554231
360,0.08
361,0.08173082855107855
362,0.08346480003838033
363,0.0852028083043899
364,0.08694574719159175
365,0.08869451054247035
366,0.0904499921995103
367,0.09221308600519607
368,0.09398468580201227
369,0.09576568543244324
370,0.0975569787389736
371,0.09935945956408784
372,0.10117402175027047
373,0.10300155914000605
374,0.10484296557577906
375,0.10669913490007402
376,0.10857096095537547
377,0.1104593375841679
378,0.11236515862893581
379,0.11428931793216378
380,0.11623270933633625
381,0.1181962266839378
382,0.12018076381745289
383,0.1221872145793662
384,0.124216472812162
385,0.12626943235832488
386,0.12834698706033942
387,0.1304500307606901
388,0.13257945730186146
389,0.13473616052633802
390,0.13692103427660424
391,0.13913497239514466
392,0.14137886872444383
393,0.14365361710698626
394,0.14596011138525644
395,0.1482992454017389
396,0.15067191299891813
397,0.15307900801927868
398,0.1555214243053052
399,0.15800005569948194
400,0.1605157960442935
401,0.16306953918222447
402,0.1656621789557593
403,0.16829460920738254
404,0.17096772377957872
405,0.17368241651483232
406,0.1764395812556279
407,0.1792401118444499
408,0.18208490212378295
409,0.18497484593611146
410,0.18791083712391995
411,0.19089376952969306
412,0.19392453699591516
413,0.19700403336507102
414,0.2001331524796448
415,0.20331278818212115
416,0.20654383431498463
417,0.20982718472071976
418,0.21316373324181098
419,0.21655437372074293
420,0.22
421,0.22350113015024217
422,0.22705677915483094
423,0.23066558622530314
424,0.2343261905731957
425,0.23803723141004549
426,0.2417973479473893
427,0.24560517939676416
428,0.24945936496970705
429,0.25335854387775447
430,0.2573013553324435
431,0.26128643854531103
432,0.2653124327278939
433,0.26937797709172906
434,0.2734817108483534
435,0.27762227320930366
436,0.2817983033861169
437,0.2860084405903298
438,0.2902513240334795
439,0.2945255929271026
440,0.2988298864827361
441,0.303162843911917
442,0.307523104426182
443,0.3119093072370684
444,0.3163200915561124
445,0.3207540965948512
446,0.32520996156482174
447,0.3296863256775609
448,0.3341818281446054
449,0.33869510817749227
450,0.34322480498775837
451,0.3477695577869406
452,0.35232800578657575
453,0.35689878819820076
454,0.36148054423335246
455,0.3660719131035678
456,0.37067153402038366
457,0.3752780461953369
458,0.37989008883996456
459,0.3845063011658032
460,0.3891253223843898
461,0.39374579170726137
462,0.3983663483459546
463,0.40298563151200656
464,0.40760228041695407
465,0.4122149342723339
466,0.41682223228968307
467,0.42142281368053836
468,0.42601531765643674
469,0.4305983834289151
470,0.4351706502095102
471,0.43973075720975907
472,0.4442773436411984
473,0.44880904871536553
474,0.4533245116437968
475,0.45782237163802914
476,0.4623012679095996
477,0.46675983967004503
478,0.47119672613090235
479,0.47561056650370837
480,0.48
481,0.4843639101072121
482,0.4887021574163698
483,0.49301484679439744
484,0.4973020831082178
485,0.501563971224755
486,0.505800616010932
487,0.510012122333673
488,0.5141985950599006
489,0.5183601390565393
490,0.5224968591905118
491,0.5266088603287425
492,0.5306962473381539
493,0.5347591250856706
494,0.5387975984382148
495,0.5428117722627114
496,0.5468017514260832
497,0.5507676407952534
498,0.5547095452371464
499,0.5586275696186848
500,0.562521818806793
501,0.5663923976683937
502,0.5702394110704112
503,0.5740629638797682
504,0.577863160963389
505,0.5816401071881964
506,0.5853939074211146
507,0.5891246665290666
508,0.5928324893789764
509,0.5965174808377669
510,0.6001797457723623
511,0.6038193890496859
512,0.6074365155366606
513,0.6110312301002108
514,0.6146036376072593
515,0.6181538429247303
516,0.6216819509195466
517,0.6251880664586326
518,0.6286722944089108
519,0.6321347396373057
520,0.63557550701074
521,0.638994701396138
522,0.6423924276604224
523,0.6457687906705173
524,0.6491238952933459
525,0.6524578463958322
526,0.6557707488448993
527,0.6590627075074704
528,0.6623338272504699
529,0.6655842129408204
530,0.6688139694454461
531,0.6720232016312702
532,0.6752120143652165
533,0.678380512514208
534,0.6815288009451689
535,0.6846569845250219
536,0.6877651681206914
537,0.6908534565991001
538,0.6939219548271724
539,0.696970767671831
540,0.7
541,0.703009757198688
542,0.7060001467352451
543,0.7089712765971077
544,0.7119232547717107
545,0.7148561892464905
546,0.7177701880088821
547,0.7206653590463221
548,0.7235418103462454
549,0.7263996498960884
550,0.729238985683286
551,0.7320599256952748
552,0.7348625779194897
553,0.737647050343367
554,0.740413450954342
555,0.7431618877398508
556,0.745892468687329
557,0.7486053017842117
558,0.7513004950179355
559,0.7539781563759355
560,0.7566383938456479
561,0.7592813154145076
562,0.7619070290699514
563,0.7645156427994141
564,0.767107264590332
565,0.7696820024301403
566,0.7722399643062753
567,0.774781258206172
568,0.7773059921172667
569,0.7798142740269948
570,0.7823062119227923
571,0.7847819137920946
572,0.7872414876223374
573,0.7896850414009566
574,0.7921126831153877
575,0.7945245207530667
576,0.7969206623014291
577,0.7993012157479108
578,0.8016662890799471
579,0.8040159902849741
580,0.8063504273504272
581,0.8086697082637427
582,0.8109739410123555
583,0.8132632335837018
584,0.8155376939652171
585,0.8177974301443376
586,0.8200425501084984
587,0.8222731618451352
588,0.8244893733416843
589,0.8266912925855808
590,0.8288790275642607
591,0.8310526862651596
592,0.8332123766757136
593,0.8353582067833576
594,0.8374902845755281
595,0.8396087180396602
596,0.8417136151631902
597,0.8438050839335534
598,0.8458832323381857
599,0.8479481683645225
600,0.85
601,0.8520388203572958
602,0.8540646630500568
603,0.8560775468171725
604,0.8580774903975318
605,0.8600645125300241
606,0.8620386319535387
607,0.8639998674069647
608,0.8659482376291908
609,0.8678837613591072
610,0.8698064573356024
611,0.8717163442975657
612,0.8736134409838865
613,0.875497766133454
614,0.877369338485157
615,0.8792281767778853
616,0.8810742997505278
617,0.8829077261419735
618,0.884728474691112
619,0.8865365641368322
620,0.8883320132180236
621,0.890114840673575
622,0.8918850652423762
623,0.8936427056633156
624,0.8953877806752832
625,0.8971203090171678
626,0.8988403094278586
627,0.9005478006462448
628,0.9022428014112159
629,0.9039253304616607
630,0.9055954065364686
631,0.9072530483745291
632,0.9088982747147306
633,0.9105311042959632
634,0.9121515558571155
635,0.9137596481370769
636,0.9153553998747366
637,0.916938829808984
638,0.9185099566787078
639,0.9200687992227979
640,0.921615376180143
641,0.9231497062896324
642,0.9246718082901554
643,0.9261817009206011
644,0.9276794029198587
645,0.9291649330268178
646,0.9306383099803671
647,0.9320995525193957
648,0.9335486793827934
649,0.9349857093094489
650,0.9364106610382518
651,0.9378235533080909
652,0.9392244048578556
653,0.9406132344264351
654,0.9419900607527187
655,0.9433549025755955
656,0.9447077786339547
657,0.9460487076666856
658,0.9473777084126773
659,0.9486947996108188
660,0.95
661,0.9512932947054624
662,0.9525745343978609
663,0.9538435361342026
664,0.9551001169714951
665,0.9563440939667461
666,0.9575752841769628
667,0.9587935046591529
668,0.9599985724703237
669,0.9611903046674828
670,0.9623685183076374
671,0.9635330304477954
672,0.9646836581449638
673,0.9658202184561505
674,0.9669425284383626
675,0.9680504051486079
676,0.9691436656438936
677,0.9702221269812273
678,0.9712856062176165
679,0.9723339204100687
680,0.9733668866155912
681,0.9743843218911916
682,0.9753860432938776
683,0.976371867880656
684,0.977341612708535
685,0.9782950948345217
686,0.9792321313156235
687,0.980152539208848
688,0.981056135571203
689,0.9819427374596953
690,0.9828121619313329
691,0.9836642260431231
692,0.9844987468520733
693,0.9853155414151912
694,0.9861144267894838
695,0.986895220031959
696,0.9876577381996242
697,0.9884017983494867
698,0.9891272175385543
699,0.9898338128238342
700,0.9905214012623338
701,0.9911897999110609
702,0.9918388258270227
703,0.9924682960672269
704,0.9930780276886805
705,0.9936678377483914
706,0.9942375433033672
707,0.9947869614106148
708,0.9953159091271422
709,0.9958242035099567
710,0.9963116616160657
711,0.9967781005024767
712,0.9972233372261974
713,0.9976471888442349
714,0.9980494724135969
715,0.9984300049912906
716,0.9987886036343238
717,0.9991250853997037
718,0.9994392673444384
719,0.9997309665255345
720,1.0
721,1.0
722,1.0
723,1.0
724,1.0
725,1.0
726,1.0
727,1.0
728,1.0
729,1.0
730,1.0
731,1.0
732,1.0
733,1.0
734,1.0
735,1.0
736,1.0
737,1.0
738,1.0
739,1.0
740,1.0
741,1.0
742,1.0
743,1.0
744,0.9999657684905767
745,0.9997108857188196
746,0.999437091235573
747,0.9991445425183624
748,0.9988333970447132
749,0.9985038122921505
750,0.9981559457381997
751,0.9977899548603861
752,0.9974059971362356
753,0.9970042300432728
754,0.9965848110590234
755,0.9961478976610129
756,0.9956936473267665
757,0.9952222175338095
758,0.9947337657596672
759,0.9942284494818653
760,0.9937064261779288
761,0.9931678533253832
762,0.9926128884017538
763,0.9920416888845659
764,0.9914544122513449
765,0.9908512159796162
766,0.9902322575469051
767,0.9895976944307371
768,0.9889476841086373
769,0.9882823840581314
770,0.9876019517567446
771,0.986906544682002
772,0.9861963203114291
773,0.9854714361225515
774,0.9847320495928942
775,0.9839783181999828
776,0.9832103994213424
777,0.9824284507344987
778,0.9816326296169767
779,0.980823093546302
780,0.98
781,0.9791634520111198
782,0.9783133348348063
783,0.9774494792817285
784,0.9765717161625556
785,0.9756798762879559
786,0.9747737904685988
787,0.9738532895151528
788,0.9729182042382871
789,0.9719683654486705
790,0.9710036039569718
791,0.97002375057386
792,0.969028636110004
793,0.9680180913760726
794,0.9669919471827348
795,0.9659500343406593
796,0.9648921836605152
797,0.9638182259529714
798,0.9627279920286966
799,0.96162131269836
800,0.9604980187726302
801,0.9593579410621762
802,0.9582009103776669
803,0.9570267575297712
804,0.9558353133291578
805,0.9546264085864962
806,0.9533998741124544
807,0.952155540717702
808,0.9508932392129077
809,0.9496128004087403
810,0.9483140551158686
811,0.9469968341449616
812,0.9456609683066886
813,0.9443062884117177
814,0.9429326252707185
815,0.9415398096943595
816,0.9401276724933098
817,0.9386960444782381
818,0.9372447564598134
819,0.9357736392487047
820,0.9342825236555806
821,0.9327712404911104
822,0.9312396205659625
823,0.9296874946908061
824,0.9281146936763104
825,0.9265210483331435
826,0.9249063894719749
827,0.9232705479034735
828,0.9216133544383078
829,0.9199346398871471
830,0.9182342350606599
831,0.9165119707695156
832,0.9147676778243824
833,0.91300118703593
834,0.9112123292148265
835,0.9094009351717417
836,0.9075668357173434
837,0.9057098616623014
838,0.9038298438172843
839,0.9019266129929608
840,0.9
841,0.8980499040976293
842,0.8960764983393119
843,0.8940800242270682
844,0.8920607232629202
845,0.8900188369488887
846,0.8879546067869954
847,0.8858682742792613
848,0.883760080927708
849,0.8816302682343562
850,0.879479077701228
851,0.8773067508303442
852,0.8751135291237262
853,0.8728996540833951
854,0.8706653672113724
855,0.8684109100096794
856,0.8661365239803375
857,0.8638424506253678
858,0.8615289314467913
859,0.8591962079466303
860,0.8568445216269049
861,0.8544741139896374
862,0.8520852265368483
863,0.8496781007705594
864,0.8472529781927917
865,0.8448101003055667
866,0.8423497086109055
867,0.8398720446108296
868,0.8373773498073601
869,0.8348658657025186
870,0.832337833798326
871,0.8297934955968037
872,0.8272330925999735
873,0.8246568663098559
874,0.8220650582284728
875,0.819457909857845
876,0.8168356626999944
877,0.8141985582569415
878,0.8115468380307086
879,0.808880743523316
880,0.8062005162367858
881,0.8035063976731387
882,0.8007986293343963
883,0.7980774527225797
884,0.7953431093397105
885,0.7925958406878096
886,0.7898358882688985
887,0.7870634935849988
888,0.7842788981381312
889,0.7814823434303175
890,0.7786740709635787
891,0.7758543222399363
892,0.7730233387614112
893,0.7701813620300254
894,0.7673286335477992
895,0.764465394816755
896,0.7615918873389131
897,0.7587083526162958
898,0.7558150321509233
899,0.7529121674448179
900,0.75
901,0.7470786908576214
902,0.7441480792153539
903,0.7412079238099982
904,0.7382579833783566
905,0.7352980166572296
906,0.7323277823834198
907,0.7293470392937277
908,0.7263555461249556
909,0.7233530616139041
910,0.7203393444973757
911,0.717314153512171
912,0.7142772473950921
913,0.7112283848829398
914,0.7081673247125166
915,0.7050938256206228
916,0.7020076463440608
917,0.6989085456196318
918,0.695796282184137
919,0.6926706147743784
920,0.6895313021271569
921,0.6863781029792747
922,0.6832107760675326
923,0.6800290801287325
924,0.6768327738996754
925,0.6736216161171635
926,0.6703953655179976
927,0.6671537808389798
928,0.663896620816911
929,0.6606236441885932
930,0.6573346096908274
931,0.654029276060415
932,0.6507074020341586
933,0.6473687463488584
934,0.6440130677413166
935,0.640640124948334
936,0.6372496767067132
937,0.6338414817532543
938,0.63041529882476
939,0.626970886658031
940,0.6235080039898694
941,0.620026409557076
942,0.616525862096453
943,0.6130061203448011
944,0.6094669430389225
945,0.6059080889156181
946,0.6023293167116897
947,0.5987303851639388
948,0.5951110530091669
949,0.5914710789841756
950,0.5878102218257657
951,0.5841282402707397
952,0.5804248930558981
953,0.5766999389180433
954,0.572953136593976
955,0.5691842448204982
956,0.5653930223344109
957,0.5615792278725164
958,0.557742620171615
959,0.5538829579685094
960,0.55
961,0.5460936658052179
962,0.5421645181326059
963,0.5382132805329385
964,0.5342406765569876
965,0.530247429755526
966,0.5262342636793257
967,0.5222019018791609
968,0.5181510679058038
969,0.5140824853100271
970,0.5099968776426028
971,0.5058949684543053
972,0.5017774812959064
973,0.49764513971817903
974,0.493498667271895
975,0.489338787507829
976,0.48516622397675274
977,0.48098170022943815
978,0.47678593981665984
979,0.47257966628918974
980,0.46836360319780046
981,0.4641384740932639
982,0.45990500252635474
983,0.45566391204784484
984,0.45141592620850696
985,0.4471617685591129
986,0.44290216265043725
987,0.43863783203325196
988,0.43436950025832977
989,0.43009789087644246
990,0.4258237274383647
991,0.42154773349486846
992,0.4172706325967255
993,0.41299314829471034
994,0.40871600413959486
995,0.404439923682152
996,0.40016563047315346
997,0.39589384806337385
998,0.39162530000358514
999,0.38736070984456
1000,0.38310080113707023
1001,0.37884629743189063
1002,0.37459792227979294
1003,0.37035639923155
1004,0.36612245183793346
1005,0.36189680364971816
1006,0.3576801782176759
1007,0.35347329909257846
1008,0.3492768898252005
1009,0.34509167396631396
1010,0.3409183750666914
1011,0.3367577166771049
1012,0.33261042234832894
1013,0.32847721563113547
1014,0.3243588200762971
1015,0.3202559592345859
1016,0.31616935665677626
1017,0.3120997358936402
1018,0.3080478204959504
1019,0.3040143340144788
1020,0.3
1021,0.2960054422178045
1022,0.2920308852912579
1023,0.2880764540582473
1024,0.2841422733566568
1025,0.28022846802437174
1026,0.2763351628992765
1027,0.27246248281925795
1028,0.26861055262220035
1029,0.26477949714598903
1030,0.2609694412285083
1031,0.257180509707645
1032,0.2534128274212835
1033,0.24966651920730906
1034,0.24594170990360603
1035,0.24223852434806126
1036,0.23855708737855905
1037,0.23489752383298393
1038,0.23125995854922266
1039,0.2276445163651595
1040,0.22405132211867987
1041,0.22048050064766808
1042,0.2169321767900109
1043,0.21340647538359267
1044,0.20990352126629874
1045,0.2064234392760135
1046,0.20296635425062362
1047,0.19953239102801354
1048,0.19612167444606857
1049,0.1927343293426731
1050,0.1893704805557137
1051,0.18603025292307498
1052,0.18271377128264144
1053,0.17942116047229956
1054,0.17615254532993396
1055,0.1729080506934298
1056,0.1696878014006716
1057,0.16649192228954593
1058,0.16332053819793724
1059,0.1601737739637308
1060,0.15705175442481117
1061,0.15395460441906486
1062,0.15088244878437637
1063,0.1478354123586309
1064,0.14481361997971307
1065,0.14181719648550928
1066,0.13884626671390418
1067,0.13590095550278228
1068,0.13298138769003004
1069,0.13008768811353208
1070,0.12721998161117354
1071,0.12437839302083903
1072,0.121563047180415
1073,0.11877406892778597
1074,0.11601158310083722
1075,0.11327571453745333
1076,0.11056658807552068
1077,0.10788432855292389
1078,0.10522906080754811
1079,0.10260090967727804
1080,0.1
1081,0.09742646347171363
1082,0.09488045922087868
1083,0.09236215323407151
1084,0.08987171149786698
1085,0.08740929999884034
1086,0.0849750847235664
1087,0.0825692316586215
1088,0.08019190679058044
1089,0.07784327610601853
1090,0.07552350559151062
1091,0.07323276123363295
1092,0.07097120901896041
1093,0.06873901493406828
1094,0.06653634496553137
1095,0.06436336509992599
1096,0.06222024132382694
1097,0.060107139623809105
1098,0.058024225986448706
1099,0.05597166639832058
1100,0.053949626846000055
1101,0.05195827331606201
1102,0.04999777179508263
1103,0.04806828826963678
1104,0.04616998872629978
1105,0.04430303915164654
1106,0.042467605532253185
1107,0.04066385385469462
1108,0.03889195010554614
1109,0.037152060271382716
1110,0.0354443503387804
1111,0.03376898629431412
1112,0.03212613412455885
1113,0.03051595981609058
1114,0.02893862935548431
1115,0.027394308729315326
1116,0.02588316392415863
1117,0.024405360926590163
1118,0.022961065723184942
1119,0.02155044430051826
1120,0.02017366264516515
1121,0.01883088674370149
1122,0.01752228258270233
1123,0.016248016148742963
1124,0.015008253428398443
1125,0.013803160408244603
1126,0.012632903074856509
1127,0.01149764741480922
1128,0.010397559414678549
1129,0.009332805061039543
1130,0.008303550340467508
1131,0.007309961239537591
1132,0.006352203744825486
1133,0.005430443842906298
1134,0.0045448475203553745
1135,0.0036955807637477998
1136,0.002882809559659273
1137,0.0021066998946649594
1138,0.0013674177553400996
1139,0.0006651291282599248
1140,0.0
1141,0.0
1142,0.0
1143,0.0
1144,0.0
1145,0.0
1146,0.0
1147,0.0
1148,0.0
1149,0.0
1150,0.0
1151,0.0
1152,0.0
1153,0.0
1154,0.0
1155,0.0
1156,0.0
1157,0.0
1158,0.0
1159,0.0
1160,0.0
1161,0.0
1162,0.0
1163,0.0
1164,0.0
1165,0.0
1166,0.0
1167,0.0
1168,0.0
1169,0.0
1170,0.0
1171,0.0
1172,0.0
1173,0.0
1174,0.0
1175,0.0
1176,0.0
1177,0.0
1178,0.0
1179,0.0
1180,0.0
1181,0.0
1182,0.0
1183,0.0
1184,0.0
1185,0.0
1186,0.0
1187,0.0
1188,0.0
1189,0.0
1190,0.0
1191,0.0
1192,0.0
1193,0.0
1194,0.0
1195,0.0
1196,0.0
1197,0.0
1198,0.0
1199,0.0
1200,0.0
1201,0.00016825798395616128
1202,0.0003267257745133547
1203,0.00047561474406423234
1204,0.0006151362650015483
1205,0.0007455017097180223
1206,0.000866922450606399
1207,0.0009796098600593456
1208,0.0010837753104696085
1209,0.0011796301742299077
1210,0.0012673858237329805
1211,0.0013472536313715088
1212,0.0014194449695382313
1213,0.0014841712106258684
1214,0.0015416437270271506
1215,0.0015920738911347726
1216,0.0016356730753414673
1217,0.0016726526520399617
1218,0.0017032239936229593
1219,0.0017275984724831877
1220,0.0017459874610133677
1221,0.0017586023316062188
1222,0.0017656544566544577
1223,0.0017673552085508048
1224,0.0017639159596879812
1225,0.0017555480824587035
1226,0.0017424629492556953
1227,0.0017248719324716752
1228,0.0017029864044993607
1229,0.0016770177377314678
1230,0.0016471773045607248
1231,0.0016136764773798475
1232,0.0015767266285815476
1233,0.0015365391305585591
1234,0.0014933253557035953
1235,0.001447296676409374
1236,0.0013986644650686064
1237,0.0013476400940740307
1238,0.0012944349358183567
1239,0.0012392603626943046
1240,0.0011823277470945832
1241,0.0011238484614119314
1242,0.0010640338780390627
1243,0.0010030953693686926
1244,0.000941244307793528
1245,0.0008786920657063136
1246,0.0008156500154997593
1247,0.0007523295295665702
1248,0.0006889419802994907
1249,0.0006256987400912288
1250,0.0005628111813345011
1251,0.0005004906764220184
1252,0.0004389485977465222
1253,0.00037839631770072296
1254,0.00031904520867733887
1255,0.00026110664306907335
1256,0.00020479199326867582
1257,0.0001503126316688497
1258,9.787993066231928e-05
1259,4.770526264178884e-05
1260,0.0
1261,0.0
1262,0.0
1263,0.0
1264,0.0
1265,0.0
1266,0.0
1267,0.0
1268,0.0
1269,0.0
1270,0.0
1271,0.0
1272,0.0
1273,0.0
1274,0.0
1275,0.0
1276,0.0
1277,0.0
1278,0.0
1279,0.0
1280,0.0
1281,0.0
1282,0.0
1283,0.0
1284,0.0
1285,0.0
1286,0.0
1287,0.0
1288,0.0
1289,0.0
1290,0.0
1291,0.0
1292,0.0
1293,0.0
1294,0.0
1295,0.0
1296,0.0
1297,0.0
1298,0.0
1299,0.0
1300,0.0
1301,0.0
1302,0.0
1303,0.0
1304,0.0
1305,0.0
1306,0.0
1307,0.0
1308,0.0
1309,0.0
1310,0.0
1311,0.0
1312,0.0
1313,0.0
1314,0.0
1315,0.0
1316,0.0
1317,0.0
1318,0.0
1319,0.0
1320,0.0
1321,1.2018674043284784e-05
1322,2.3331251937470652e-05
1323,3.395318282753561e-05
1324,4.3899915858464955e-05
1325,5.3186900175241526e-05
1326,6.18295849228499e-05
1327,6.984341924626923e-05
1328,7.724385229048423e-05
1329,8.404633320047775e-05
1330,9.026631112123384e-05
1331,9.591923519773272e-05
1332,0.00010102055457495854
1333,0.00010558571839789416
1334,0.00010963017581152321
1335,0.00011316937596082677
1336,0.00011621876799078859
1337,0.00011879380104639199
1338,0.00012090992427261869
1339,0.0001225825868144521
1340,0.0001238272378168751
1341,0.00012465932642487056
1342,0.00012509430178342103
1343,0.00012514761303750944
1344,0.00012483470933211875
1345,0.00012417103981223146
1346,0.00012317205362283087
1347,0.00012185319990889947
1348,0.00012022992781542027
1349,0.00011831768648737552
1350,0.00011613192506974894
1351,0.00011368809270752292
1352,0.00011100163854567974
1353,0.00010808801172920338
1354,0.00010496266140307597
1355,0.00010164103671228053
1356,9.813858680179897e-05
1357,9.447076081661566e-05
1358,9.065300790171265e-05
1359,8.670077720207296e-05
1360,8.262951786267825e-05
1361,7.845467902851323e-05
1362,7.419170984455985e-05
1363,6.985605945580088e-05
1364,6.546317700721824e-05
1365,6.1028511643796584e-05
1366,5.65675125105179e-05
1367,5.209562875236408e-05
1368,4.7628309514319636e-05
1369,4.3181003941366756e-05
1370,3.876916117848795e-05
1371,3.440823037066535e-05
1372,3.011366066288341e-05
1373,2.5900901200124108e-05
1374,2.178540112737033e-05
1375,1.7782609589604096e-05
1376,1.3907975731809762e-05
1377,1.0176948698969513e-05
1378,6.604977636066075e-06
1379,3.207511688081417e-06
1380,0.0
1381,0.0
1382,0.0
1383,0.0
1384,0.0
1385,0.0
1386,0.0
1387,0.0
1388,0.0
1389,0.0
1390,0.0
1391,0.0
1392,0.0
1393,0.0
1394,0.0
1395,0.0
1396,0.0
1397,0.0
1398,0.0
1399,0.0
1400,0.0
1401,0.0
1402,0.0
1403,0.0
1404,0.0
1405,0.0
1406,0.0
1407,0.0
1408,0.0
1409,0.0
1410,0.0
1411,0.0
1412,0.0
1413,0.0
1414,0.0
1415,0.0
1416,0.0
1417,0.0
1418,0.0
1419,0.0
1420,0.0
1421,0.0
1422,0.0
1423,0.0
1424,0.0
1425,0.0
1426,0.0
1427,0.0
1428,0.0
1429,0.0
1430,0.0
1431,0.0
1432,0.0
1433,0.0
1434,0.0
1435,0.0
1436,0.0
1437,0.0
1438,0.0
1439,0.0
